{
  "version": 1,
  "author": "Anonymous maker",
  "editor": "wokwi",
  "parts": [
    { "type": "wokwi-arduino-uno", "id": "uno", "top": 0.6, "left": -0.6, "attrs": {} },
    {
      "type": "wokwi-7segment",
      "id": "sevseg1",
      "top": -148.62,
      "left": 101.08,
      "attrs": { "color": "red", "digits": "1", "colon": "" }
    }
  ],
  "connections": [
    [ "uno:0", "sevseg1:DP", "black", [ "v0" ] ],
    [ "uno:1", "sevseg1:A", "green", [ "v-172.8", "h-15" ] ],
    [ "uno:2", "sevseg1:B", "green", [ "v0" ] ],
    [ "uno:3", "sevseg1:C", "green", [ "v-76.8", "h-5.6" ] ],
    [ "uno:4", "sevseg1:D", "green", [ "v-67.2", "h-5.7" ] ],
    [ "uno:5", "sevseg1:E", "green", [ "v-57.6", "h-15.4" ] ],
    [ "uno:6", "sevseg1:F", "green", [ "v-48", "h-101.9", "v-134.4", "h9.6" ] ],
    [ "uno:7", "sevseg1:G", "green", [ "v-38.4", "h-102", "v-153.6" ] ],
    [ "uno:8", "sevseg1:COM.1", "green", [ "v-28.8", "h-47.6" ] ],
    [ "uno:9", "sevseg1:COM.2", "green", [ "v-19.2", "h-85.6", "v-172.8", "h48" ] ]
  ],
  "dependencies": {}
}